CRASH_ID,UNIT_NBR,UNIT_DESC_ID,VEH_PARKED_FL,VEH_HNR_FL,VEH_LIC_STATE_ID,VIN,VEH_MOD_YEAR,VEH_COLOR_ID,VEH_MAKE_ID,VEH_MOD_ID,VEH_BODY_STYL_ID,EMER_RESPNDR_FL,OWNR_ZIP,FIN_RESP_PROOF_ID,FIN_RESP_TYPE_ID,VEH_DMAG_AREA_1_ID,VEH_DMAG_SCL_1_ID,FORCE_DIR_1_ID,VEH_DMAG_AREA_2_ID,VEH_DMAG_SCL_2_ID,FORCE_DIR_2_ID,VEH_INVENTORIED_FL,VEH_TRANSP_NAME,VEH_TRANSP_DEST,CONTRIB_FACTR_1_ID,CONTRIB_FACTR_2_ID,CONTRIB_FACTR_P1_ID,VEH_TRVL_DIR_ID,FIRST_HARM_EVT_INV_ID,INCAP_INJRY_CNT,NONINCAP_INJRY_CNT,POSS_INJRY_CNT,NON_INJRY_CNT,UNKN_INJRY_CNT,TOT_INJRY_CNT,DEATH_CNT
14840063,1,MOTOR VEHICLE,N,N,TX,5YFBURHE9GP394289,NA,RED,TOYOTA,COROLLA,"PASSENGER CAR, 4-DOOR",N,78250,1,PROOF OF LIABILITY INSURANCE,FRONT END DAMAGE CONCENTRATED IMPACT,DAMAGED 5,11,NA,NA,NA,N,TEXAS TOWING,GROWDEN,HAD BEEN DRINKING,FAILED TO CONTROL SPEED,NA,NORTH,Y,0,0,0,1,0,0,0
14840064,1,MOTOR VEHICLE,N,N,TX,4A4MN31S04E054033,2004,BRO,MITSUBISHI,ENDEAVOR,SPORT UTILITY VEHICLE,N,75482,1,PROOF OF LIABILITY INSURANCE,FRONT END DAMAGE DISTRIBUTED IMPACT,DAMAGED 2,12,DISTRIBUTED RIGHT SIDE DAMAGE PARALLEL IMPACT,DAMAGED 2,12,N,BENSON BROTHER'S,"1300 WEST SHANNON RD, SULPHUR SPRINGS,TX",FAILED TO CONTROL SPEED,DISREGARD STOP AND GO SIGNAL,NA,WEST,Y,0,0,0,1,0,0,0
14840065,1,MOTOR VEHICLE,N,N,TX,1FTEX15H6PKB96949,1993,TAN,FORD,RANGER,PICKUP,N,75482,1,PROOF OF LIABILITY INSURANCE,FRONT END DAMAGE CONCENTRATED IMPACT,DAMAGED 2,12,FRONT END DAMAGE DISTRIBUTED IMPACT,DAMAGED 2,5,N,BENSON BROTHER'S,"1300 WEST SHANNON RD, SULPHUR SPRINGS,TX",UNSAFE SPEED,FAULTY EVASIVE ACTION,UNDER INFLUENCE - DRUG,NORTH,Y,0,0,0,1,0,0,0
14840072,1,MOTOR VEHICLE,N,N,TX,JN8AS58V28W401624,NA,SIL,NISSAN,ROGUE,SPORT UTILITY VEHICLE,N,75038,1,PROOF OF LIABILITY INSURANCE,FRONT END DAMAGE DISTRIBUTED IMPACT,DAMAGED 2,12,NA,NA,NA,N,PRO TOW WRECKER,3809 WILLIAM DEHAES #1005,FAILED TO CONTROL SPEED,FOLLOWED TOO CLOSELY,NA,WEST,Y,0,0,0,1,0,0,0
14840072,2,MOTOR VEHICLE,N,N,TX,3N1BC1CPXAL360124,NA,RED,NISSAN,VERSA,SPORT UTILITY VEHICLE,N,75038,1,PROOF OF LIABILITY INSURANCE,BACK END DAMAGE DISTRIBUTED IMPACT,DAMAGED 2,6,FRONT END DAMAGE DISTRIBUTED IMPACT,DAMAGED 1 MINIMUM,12,N,PRO TOW WRECKER,AUTO NATION,NONE,NA,NA,WEST,Y,0,0,0,2,0,0,0
14840072,3,MOTOR VEHICLE,N,N,TX,2C3CDYBT6CH189328,NA,BLK,DODGE,CHALLENGER,"PASSENGER CAR, 2-DOOR",N,76001,1,PROOF OF LIABILITY INSURANCE,BACK END DAMAGE DISTRIBUTED IMPACT,DAMAGED 1 MINIMUM,6,NA,NA,NA,N,OPERATOR,DRIVEN AWAY,NONE,NA,NA,WEST,N,0,0,0,3,0,0,0
14840075,1,MOTOR VEHICLE,N,N,TX,2FMZA5246YBC40371,2000,MAR,FORD,WINDSTAR,VAN,N,75062,1,PROOF OF LIABILITY INSURANCE,FRONT END DAMAGE DISTRIBUTED IMPACT,DAMAGED 2,12,NA,NA,NA,N,OPERATOR,DRIVEN AWAY,FAILED TO CONTROL SPEED,FOLLOWED TOO CLOSELY,NA,WEST,Y,0,0,0,1,0,0,0
14840075,2,MOTOR VEHICLE,N,N,TX,1G1AT18H997189479,NA,MAR,CHEVROLET,COBALT,"PASSENGER CAR, 2-DOOR",N,75062,1,PROOF OF LIABILITY INSURANCE,FRONT END DAMAGE DISTRIBUTED IMPACT,DAMAGED 2,6,NA,NA,NA,N,OPERATOR,DRIVEN AWAY,NONE,NA,NA,WEST,Y,0,0,1,0,0,1,0
14840081,1,MOTOR VEHICLE,N,N,TX,2HGES15581H525719,2001,SIL,HONDA,CIVIC,"PASSENGER CAR, 4-DOOR",N,76123,1,PROOF OF LIABILITY INSURANCE,LEFT SIDE DAMAGE ANGULAR IMPACT,DAMAGED 3,9,NA,NA,NA,N,PRO TOW,1006 E MAIN ST,TURNED WHEN UNSAFE,DRIVER INATTENTION,NA,EAST,Y,0,0,0,1,0,0,0
14840081,2,MOTOR VEHICLE,N,N,TX,1FTDX17W6VNC30231,1997,GRY,FORD,F250,PICKUP,N,75067,1,PROOF OF LIABILITY INSURANCE,FRONT END (RIGHT)  DAMAGE PARTIAL CONTACT,DAMAGED 2,1,NA,NA,NA,N,DRIVER,DRIVEN HOME,NONE,NA,NA,EAST,Y,0,0,0,1,0,0,0
14840107,1,MOTOR VEHICLE,N,N,TX,2LMDU68C39BJ07806,NA,RED,LINCOLN,MKX,SPORT UTILITY VEHICLE,N,78233,1,PROOF OF LIABILITY INSURANCE,DISTRIBUTED LEFT SIDE DAMAGE PARALLEL IMPACT,DAMAGED 3,9,RIGHT SIDE DAMAGE ANGULAR IMPACT,DAMAGED 4,4,N,MISSION TOWING,9625 SAN PEDRO,NONE,NA,NA,NORTHEAST,Y,0,0,1,0,0,1,0
14840107,2,MOTOR VEHICLE,N,N,TX,JN1DA31A72T002422,2002,BLK,NISSAN,MAXIMA,"PASSENGER CAR, 4-DOOR",N,78233,2,NA,FRONT END (LEFT) DAMAGE PARTIAL CONTACT,DAMAGED 3,12,NA,NA,NA,Y,MISSION TOWING,3625 GROWDON RD,DRIVER INATTENTION,FAILED TO YIELD ROW - TURNING LEFT,NA,SOUTHWEST,Y,0,0,1,0,0,1,0
14840111,1,MOTOR VEHICLE,N,N,TX,5FNRL3H22AB005094,NA,MAR,HONDA,ODYSSEY,VAN,N,77041,1,PROOF OF LIABILITY INSURANCE,FRONT END DAMAGE DISTRIBUTED IMPACT,DAMAGED 5,12,NA,NA,NA,N,HOUSTON AUTO TECH,4624 STEFFANI LN,NONE,NA,NA,SOUTH,Y,0,1,0,0,0,1,0
14840111,2,MOTOR VEHICLE,N,N,TX,1GNDT13S552324270,2005,GRY,CHEVROLET,TRAILBLAZER,SPORT UTILITY VEHICLE,N,77008,1,PROOF OF LIABILITY INSURANCE,DISTRIBUTED RIGHT SIDE DAMAGE PARALLEL IMPACT,DAMAGED 4,3,FRONT END (RIGHT)  DAMAGE PARTIAL CONTACT,DAMAGED 1 MINIMUM,1,N,PEPE WRECKER SERVICE,8210 PINEMONT,DISREGARD STOP AND GO SIGNAL,NA,NA,WEST,Y,0,1,0,0,0,1,0
14840111,3,MOTOR VEHICLE,N,N,TX,1FTPW12557KC72392,2007,RED,FORD,F150,PICKUP,N,77043,1,PROOF OF LIABILITY INSURANCE,FRONT END (RIGHT)  DAMAGE PARTIAL CONTACT,DAMAGED 1 MINIMUM,10,NA,NA,NA,N,,DRIVER MOVED,NONE,NA,NA,EAST,N,0,0,0,1,0,0,0
14840114,1,MOTOR VEHICLE,N,N,TX,1D7HA182X8J144758,NA,BLK,DODGE,RAM 1500,PICKUP,N,76708,1,PROOF OF LIABILITY INSURANCE,FRONT END DAMAGE DISTRIBUTED IMPACT,DAMAGED 6,12,NA,NA,NA,Y,TOW KING,1601 E. TAYLOR ST WACO,FAILED TO DRIVE IN SINGLE LANE,HAD BEEN DRINKING,NA,EAST,Y,0,1,0,0,0,1,0
14840114,2,MOTOR VEHICLE,N,N,TX,1G6DF577680148717,NA,WHI,CADILLAC,CTS,"PASSENGER CAR, 4-DOOR",N,76705,1,PROOF OF LIABILITY INSURANCE,FRONT END DAMAGE DISTRIBUTED IMPACT,DAMAGED 7 HIGHEST,12,NA,NA,NA,N,WOODYS,1601 E. TAYLOR ST,NONE,NA,NA,WEST,Y,0,2,0,0,0,2,0
14840118,1,MOTOR VEHICLE,N,N,TX,1G8ZH8284XZ221487,1999,TAN,SATURN,SW1,"PASSENGER CAR, 4-DOOR",N,77384,1,PROOF OF LIABILITY INSURANCE,FRONT END DAMAGE DISTRIBUTED IMPACT,DAMAGED 4,12,NA,NA,NA,Y,D.C. WRECKER,514 W CANINO,FAILED TO CONTROL SPEED,NA,NA,NORTH,Y,0,0,0,1,0,0,0
14840118,2,MOTOR VEHICLE,N,N,TX,5LTPW16518FJ01320,NA,WHI,LINCOLN,MARK LT,PICKUP,N,77082,1,PROOF OF LIABILITY INSURANCE,BACK END DAMAGE DISTRIBUTED IMPACT,DAMAGED 2,6,NA,NA,NA,N,,,NONE,NA,NA,NORTH,Y,0,0,0,1,0,0,0
14840137,1,MOTOR VEHICLE,N,N,TX,KNAGM4A7XF5632129,NA,WHI,KIA,OPTIMA,"PASSENGER CAR, 4-DOOR",N,30348,1,PROOF OF LIABILITY INSURANCE,FRONT END (RIGHT)  DAMAGE PARTIAL CONTACT,DAMAGED 3,12,NA,NA,NA,N,SOUTH COUNTY WRECKER SERVICE LLC,"28075 ROBINSON RD, CONROE TX 77385",FOLLOWED TOO CLOSELY,NA,DRIVER INATTENTION,WEST,Y,0,0,0,1,0,0,0
14840137,2,MOTOR VEHICLE,N,N,TX,1GYS4UKJXFR657445,NA,WHI,CADILLAC,ESCALADE,SPORT UTILITY VEHICLE,N,77386,1,PROOF OF LIABILITY INSURANCE,BACK END (LEFT) DAMAGE PARTIAL CONTACT,DAMAGED 2,6,NA,NA,NA,N,DRIVER,DRIVEN AWAY FROM SCENE,NONE,NA,NA,WEST,Y,0,0,0,1,0,0,0
14840150,1,MOTOR VEHICLE,N,N,TX,JTKDE177360076843,2006,GRY,TOYOTA,SCION TC,"PASSENGER CAR, 2-DOOR",N,78648,2,NA,FRONT END (LEFT) DAMAGE PARTIAL CONTACT,DAMAGED 4,10,NA,NA,NA,N,FLY TOWING,400 FM 20 EAST,FAILED TO YIELD ROW - STOP SIGN,NA,DRIVER INATTENTION,WEST,Y,0,0,0,1,0,0,0
14840150,2,MOTOR VEHICLE,N,N,TX,1GCHC23U71F113253,2001,GRN,CHEVROLET,SILVERADO C2500,PICKUP,N,78666,1,LIABILITY INSURANCE POLICY,FRONT END (RIGHT)  DAMAGE PARTIAL CONTACT,DAMAGED 2,1,NA,NA,NA,N,,,NONE,NA,NA,NORTH,Y,0,0,0,1,0,0,0
14840230,1,MOTOR VEHICLE,N,N,TX,3FAFP13P9YR260242,2000,BLU,FORD,ESCORT,"PASSENGER CAR, 4-DOOR",N,75686,1,LIABILITY INSURANCE POLICY,BACK END DAMAGE DISTRIBUTED IMPACT,DAMAGED 2,1,NA,NA,NA,Y,OVERSTREET WRECKER SERVICE,"5138 US 271 N GILMER, TX 75644",UNSAFE SPEED,NA,HAD BEEN DRINKING,SOUTHEAST,Y,0,0,0,1,0,0,0
14840262,1,MOTOR VEHICLE,N,N,TX,4T1BG22K4YU687305,2000,TAN,TOYOTA,CAMRY,"PASSENGER CAR, 4-DOOR",N,76039,1,PROOF OF LIABILITY INSURANCE,FRONT END (RIGHT)  DAMAGE PARTIAL CONTACT,DAMAGED 3,12,NA,NA,NA,N,PROTOW WRECKER SERVICE,1006 E. MAIN ST. LEWISVILLE TEXAS 75057,UNSAFE SPEED,NA,NA,NORTH,Y,0,1,0,0,0,1,0
14840269,1,MOTOR VEHICLE,N,N,TX,1FALP4046SF180920,1995,BLU,FORD,MUSTANG,"PASSENGER CAR, 4-DOOR",N,79938,1,LIABILITY INSURANCE POLICY,BACK END (LEFT) DAMAGE PARTIAL CONTACT,DAMAGED 4,6,NA,NA,NA,N,OWNER,TRAFFIC,FAILED TO CONTROL SPEED,NA,NA,SOUTH,Y,0,1,0,0,0,1,0
14840277,1,MOTOR VEHICLE,N,N,TX,1C3CDZAG8CN313892,NA,BLU,DODGE,NITRO,"PASSENGER CAR, 4-DOOR",N,75803,1,PROOF OF LIABILITY INSURANCE,FRONT END DAMAGE CONCENTRATED IMPACT,DAMAGED 1 MINIMUM,12,NA,NA,NA,N,OPERATOR,OFF ROADWAY,FAILED TO CONTROL SPEED,NA,DISTRACTION IN VEHICLE,NORTHEAST,Y,0,0,0,1,0,0,0
14840277,2,MOTOR VEHICLE,N,N,TX,3C4PDCAB5FT735072,NA,BLK,DODGE,JOURNEY,"PASSENGER CAR, 4-DOOR",N,75844,1,PROOF OF LIABILITY INSURANCE,BACK END DAMAGE CONCENTRATED IMPACT,DAMAGED 1 MINIMUM,6,NA,NA,NA,N,OPERATOR,OFF ROADWAY,NONE,NA,NA,NORTHEAST,Y,0,1,1,0,0,2,0
14840283,1,MOTOR VEHICLE,N,N,TX,1D7HA16K54J122261,2004,BLK,DODGE,RAM 1500,PICKUP,N,75132,1,LIABILITY INSURANCE POLICY,FRONT END DAMAGE DISTRIBUTED IMPACT,DAMAGED 1 MINIMUM,12,NA,NA,NA,N,DRIVER/DRIVEN FROM SCENE,DRIVEN FROM SCENE,FAILED TO YIELD ROW - TURNING LEFT,NA,NA,SOUTH,Y,0,0,0,1,0,0,0
14840283,2,MOTOR VEHICLE,N,N,TX,1FAHP35N59W138010,NA,WHI,FORD,FOCUS,"PASSENGER CAR, 4-DOOR",N,75474,2,NA,LEFT FRONT QUARTER DAMAGE ANGULAR IMPACT,DAMAGED 2,9,DISTRIBUTED LEFT SIDE DAMAGE PARALLEL IMPACT,DAMAGED 1 MINIMUM,7,Y,CHUB'S TOWING & RECOVERY,1100 TL TOWNSEND DR,NONE,NA,NA,NORTH,Y,0,0,1,0,0,1,0
14840291,1,MOTOR VEHICLE,N,N,TX,5TFJU4GN8FX071609,NA,GRY,TOYOTA,TACOMA,PICKUP,N,77023,1,PROOF OF LIABILITY INSURANCE,FRONT END (LEFT) DAMAGE PARTIAL CONTACT,DAMAGED 2,11,NA,NA,NA,N,,,TURNED IMPROPERLY - CUT CORNER ON LEFT,DRIVER INATTENTION,NA,EAST,Y,0,0,0,1,0,0,0
14840291,2,MOTOR VEHICLE,N,N,TN,JTLZE4FE7FJ078561,NA,GRY,TOYOTA,NA,"PASSENGER CAR, 4-DOOR",N,77023,1,PROOF OF LIABILITY INSURANCE,FRONT END (LEFT) DAMAGE PARTIAL CONTACT,DAMAGED 2,11,NA,NA,NA,N,,,NONE,NA,NA,SOUTH,Y,0,0,0,1,0,0,0
14840296,1,MOTOR VEHICLE,N,N,TX,1LNLM82W4VY694536,1997,BGE,LINCOLN,TOWN CAR,"PASSENGER CAR, 4-DOOR",N,78660,2,NA,RIGHT SIDE DAMAGE ANGULAR IMPACT,DAMAGED 3,3,NA,NA,NA,N,,,FAILED TO CONTROL SPEED,NA,HAD BEEN DRINKING,SOUTH,Y,0,0,0,1,0,0,0
14840296,2,MOTOR VEHICLE,Y,N,TX,3GNEC12T84G172232,2004,BLK,CHEVROLET,AVALANCHE,PICKUP,N,78660,1,PROOF OF LIABILITY INSURANCE,LEFT SIDE DAMAGE ANGULAR IMPACT,DAMAGED 3,9,NA,NA,NA,N,,,NONE,NA,NA,NORTH,Y,0,0,0,0,0,0,0
14840301,1,MOTOR VEHICLE,N,N,TX,1FTDX1765VKC83973,1997,BGE,FORD,F150,PICKUP,N,78852,1,PROOF OF LIABILITY INSURANCE,LEFT SIDE DAMAGE ANGULAR IMPACT,DAMAGED 2,8,NA,NA,NA,N,DRIVEN AWAY BY OPERATOR,UNKNOWN LOCATION,FAILED TO YIELD ROW - STOP SIGN,NA,OTHER (EXPLAIN IN NARRATIVE),SOUTH,Y,0,0,0,1,0,0,0
14840301,2,MOTOR VEHICLE,N,N,TX,1FMZU32E3XZB32080,1999,GRN,FORD,EXPLORER,SPORT UTILITY VEHICLE,N,78852,1,PROOF OF LIABILITY INSURANCE,FRONT END (RIGHT)  DAMAGE PARTIAL CONTACT,DAMAGED 1 MINIMUM,1,NA,NA,NA,N,DRIVEN BY OPERATOR,UNKNOWN LOCATION,FAULTY EVASIVE ACTION,NA,NA,WEST,Y,0,0,0,1,0,0,0
14840303,1,MOTOR VEHICLE,N,N,TX,1G11E5SL4EF301166,NA,GLD,CHEVROLET,MALIBU,"PASSENGER CAR, 4-DOOR",N,77478,1,PROOF OF LIABILITY INSURANCE,FRONT END (LEFT) DAMAGE PARTIAL CONTACT,DAMAGED 4,12,RIGHT BACK QUARTER DAMAGE ANGULAR IMPACT,DAMAGED 2,3,Y,BEST TOW,6125 INDUSTRIAL WAY,FAILED TO CONTROL SPEED,NA,NA,NORTH,Y,0,0,0,1,0,0,0
14840303,2,MOTOR VEHICLE,N,N,TX,1G1AT58H697169200,NA,WHI,CHEVROLET,COBALT,"PASSENGER CAR, 4-DOOR",N,75007,1,PROOF OF LIABILITY INSURANCE,BACK END (RIGHT) DAMAGE PARTIAL CONTACT,DAMAGED 3,3,FRONT END (RIGHT)  DAMAGE PARTIAL CONTACT,DAMAGED 3,3,N,,NOT TOWED,NONE,NA,NA,NORTH,Y,0,0,0,2,0,0,0
14840303,3,MOTOR VEHICLE,N,N,TX,JA4AP4AU4CZ006810,NA,BLU,MITSUBISHI,OUTLANDER,SPORT UTILITY VEHICLE,N,76148,1,PROOF OF LIABILITY INSURANCE,BACK END (LEFT) DAMAGE PARTIAL CONTACT,DAMAGED 3,6,FRONT END DAMAGE DISTRIBUTED IMPACT,DAMAGED 3,12,Y,BEST TOW,6125 INDUSTRIAL WAY,NONE,NA,NA,NORTH,N,0,0,0,4,0,0,0
14840303,4,MOTOR VEHICLE,N,N,TX,1GNKVLED5CJ137626,NA,SIL,CHEVROLET,TRAVERSE,SPORT UTILITY VEHICLE,N,77012,1,PROOF OF LIABILITY INSURANCE,BACK END DAMAGE DISTRIBUTED IMPACT,DAMAGED 3,6,FRONT END (LEFT) DAMAGE PARTIAL CONTACT,DAMAGED 2,12,N,,NOT TOWED,NONE,NA,NA,NORTH,N,0,0,0,2,0,0,0
14840303,5,MOTOR VEHICLE,N,N,TX,1N4BA41EX4C810494,2004,RED,NISSAN,MAXIMA,"PASSENGER CAR, 4-DOOR",N,77088,1,PROOF OF LIABILITY INSURANCE,BACK END (RIGHT) DAMAGE PARTIAL CONTACT,DAMAGED 2,6,NA,NA,NA,N,,NOT TOWED,NONE,NA,NA,NORTH,N,0,0,0,1,0,0,0
14840368,1,MOTOR VEHICLE,N,N,TX,JTDBR32E830041702,2003,RED,TOYOTA,COROLLA,"PASSENGER CAR, 4-DOOR",N,79936,1,PROOF OF LIABILITY INSURANCE,LEFT SIDE DAMAGE ANGULAR IMPACT,DAMAGED 2,9,NA,NA,NA,N,OWNER,TRAFFIC,FAILED TO YIELD ROW - STOP SIGN,NA,NA,EAST,Y,0,0,0,1,0,0,0
14840368,2,MOTOR VEHICLE,N,N,TX,KMHJW24M0VU079600,1997,BLU,HYUNDAI,ELANTRA,"PASSENGER CAR, 4-DOOR",N,79930,1,PROOF OF LIABILITY INSURANCE,FRONT END DAMAGE CONCENTRATED IMPACT,DAMAGED 3,1,NA,NA,NA,N,DRIVER,LEFT LEGALLY PARKED,NONE,NA,NA,SOUTH,Y,0,0,1,1,0,1,0
14840432,1,MOTOR VEHICLE,N,N,TX,1GTEC19T61Z142253,2001,BLK,GMC,SIERRA C1500,TRUCK,N,77598,2,NA,LEFT FRONT QUARTER DAMAGE ANGULAR IMPACT,DAMAGED 2,9,NA,NA,NA,N,CHALLENGER TOWING,8000 GALVESTON RD,FAILED TO DRIVE IN SINGLE LANE,NA,NA,SOUTH,Y,0,0,1,0,0,1,0
14840432,2,MOTOR VEHICLE,Y,N,TX,2HGES26862H501631,2002,MAR,HONDA,CIVIC,"PASSENGER CAR, 4-DOOR",N,77089,1,LIABILITY INSURANCE POLICY,LEFT FRONT QUARTER DAMAGE ANGULAR IMPACT,DAMAGED 3,9,NA,NA,NA,N,CHALLENGER TOWING,8000 GALVESTON RD,NONE,NA,NA,NORTH,Y,0,0,0,0,0,0,0
14840432,3,MOTOR VEHICLE,Y,N,TX,5NPET46C26H135322,2006,WHI,HYUNDAI,SONATA,"PASSENGER CAR, 4-DOOR",N,77089,1,LIABILITY INSURANCE POLICY,LEFT BACK QUARTER DAMAGE ANGULAR IMPACT,DAMAGED 3,7,RIGHT BACK QUARTER DAMAGE ANGULAR IMPACT,DAMAGED 1 MINIMUM,3,N,LEFT AT SCENE,LEFT AT SCENE,NONE,NA,NA,NORTH,N,0,0,0,0,0,0,0
14840432,4,MOTOR VEHICLE,Y,N,TX,KMHDH4AE0GU564225,NA,BLU,HYUNDAI,ELANTRA,"PASSENGER CAR, 4-DOOR",N,77089,1,PROOF OF LIABILITY INSURANCE,LEFT BACK QUARTER DAMAGE ANGULAR IMPACT,DAMAGED 3,8,RIGHT BACK QUARTER DAMAGE ANGULAR IMPACT,DAMAGED 1 MINIMUM,3,N,LEFT AT SCENE,LEFT AT SCENE,NONE,NA,NA,NORTH,N,0,0,0,0,0,0,0
14840432,5,MOTOR VEHICLE,Y,N,TX,1G1ZT68N87F103412,2007,GRY,CHEVROLET,MALIBU,"PASSENGER CAR, 4-DOOR",N,77089,2,NA,LEFT BACK QUARTER DAMAGE ANGULAR IMPACT,DAMAGED 3,8,NA,NA,NA,N,LEFT AT SCENE,LEFT AT SCENE,NONE,NA,NA,NORTH,N,0,0,0,0,0,0,0
14840441,1,MOTOR VEHICLE,N,Y,TX,2CNDL63F066043728,2006,WHI,CHEVROLET,EQUINOX,SPORT UTILITY VEHICLE,N,78577,1,LIABILITY INSURANCE POLICY,FRONT END DAMAGE DISTRIBUTED IMPACT,DAMAGED 2,12,NA,NA,NA,N,DRIVEN AWAY,DRIVEN AWAY,FAILED TO CONTROL SPEED,NA,NA,SOUTH,Y,0,0,0,1,0,0,0
14840441,2,MOTOR VEHICLE,N,N,TX,1FAFP56U27A191170,2007,BGE,FORD,TAURUS,"PASSENGER CAR, 4-DOOR",N,78577,1,LIABILITY INSURANCE POLICY,BACK END (RIGHT) DAMAGE PARTIAL CONTACT,DAMAGED 2,5,NA,NA,NA,N,DRIVEN AWAY BY DRIVER,DRIVEN AWAY BY DRIVER,NONE,NA,NA,SOUTH,Y,0,0,0,2,0,0,0
14840448,1,MOTOR VEHICLE,N,N,TX,1N4AL11D46N396700,2006,BLK,NISSAN,ALTIMA,"PASSENGER CAR, 4-DOOR",N,75057,1,PROOF OF LIABILITY INSURANCE,LEFT BACK QUARTER DAMAGE ANGULAR IMPACT,DAMAGED 2,10,NA,NA,NA,N,PRO TOW WRECKER SERVICE,D AND G BODY SHOP,IMPAIRED VISIBILITY (EXPLAIN IN NARRATIVE),FAILED TO YIELD ROW - PRIVATE DRIVE,NA,NORTH,Y,0,0,0,1,0,0,0
14840448,2,MOTOR VEHICLE,N,N,TX,1FAHPZMT8EG118459,NA,WHI,FORD,TAURUS,POLICE CAR/TRUCK,N,75029,1,CERTIFICATE OF SELF-INSURANCE,FRONT END (LEFT) DAMAGE PARTIAL CONTACT,DAMAGED 2,12,NA,NA,NA,N,PRO TOW WRECKER SERVICE,CITY SHOP,NONE,NA,NA,EAST,Y,0,0,1,0,0,1,0
14840460,1,MOTOR VEHICLE,N,N,TX,1GCGC24M4CS101968,1982,RED,CHEVROLET,SILVERADO,PICKUP,N,75706,1,PROOF OF LIABILITY INSURANCE,LEFT BACK QUARTER DAMAGE ANGULAR IMPACT,DAMAGED 2,11,NA,NA,NA,N,,,PASSED IN NO PASSING LANE,NA,NA,NORTH,Y,0,0,0,1,0,0,0
14840460,2,MOTOR VEHICLE,N,N,TX,JTDBT923971175668,2007,WHI,TOYOTA,YARIS,"PASSENGER CAR, 4-DOOR",N,75702,1,PROOF OF LIABILITY INSURANCE,BACK END (RIGHT) DAMAGE PARTIAL CONTACT,DAMAGED 2,7,DISTRIBUTED LEFT SIDE DAMAGE PARALLEL IMPACT,DAMAGED 3,11,N,FOSHEE WRECKER SERVICE,17636 US-69 NORTH LINDALE TX 75771,NONE,NA,NA,NORTH,Y,0,1,0,1,0,1,0
14840462,1,MOTOR VEHICLE,N,N,TX,1FABP41AXHF117599,1987,GRN,FORD,MUSTANG,"PASSENGER CAR, 2-DOOR",N,78214,1,LIABILITY INSURANCE POLICY,FRONT END (LEFT) DAMAGE PARTIAL CONTACT,DAMAGED 4,10,BACK END (LEFT) DAMAGE PARTIAL CONTACT,DAMAGED 4,7,N,TEXAS TOWING,1127 W SAENZ,UNSAFE SPEED,NA,NA,EAST,Y,0,0,0,1,0,0,0
14840489,1,MOTOR VEHICLE,N,N,TX,1G3NL52T31C256148,2001,MAR,OLDSMOBILE,ALERO,"PASSENGER CAR, 4-DOOR",N,78228,2,NA,FRONT END DAMAGE DISTRIBUTED IMPACT,DAMAGED 1 MINIMUM,12,NA,NA,NA,N,CONTRACT,GROWDON,DRIVER INATTENTION,FOLLOWED TOO CLOSELY,NA,NORTH,Y,0,0,0,1,0,0,0
14840489,2,MOTOR VEHICLE,N,N,TX,JTLKT324454028793,2005,WHI,TOYOTA,SCION XB,"PASSENGER CAR, 4-DOOR",N,78228,1,LIABILITY INSURANCE POLICY,BACK END DAMAGE DISTRIBUTED IMPACT,DAMAGED 2,6,NA,NA,NA,N,DRIVEN AWAY,,NONE,NA,NA,NORTH,Y,0,0,1,0,0,1,0
14840494,1,MOTOR VEHICLE,N,N,TX,2GCEC19N141408809,2004,RED,CHEVROLET,SILVERADO,PICKUP,N,78219,1,LIABILITY INSURANCE POLICY,FRONT END DAMAGE CONCENTRATED IMPACT,DAMAGED 1 MINIMUM,1,NA,NA,NA,N,TEXAS TOWING,GROWDON,UNDER INFLUENCE - ALCOHOL,NA,NA,SOUTH,Y,0,0,0,1,0,0,0
14840503,1,MOTOR VEHICLE,N,N,TX,JTDKB20U483383162,NA,GRY,TOYOTA,PRIUS,"PASSENGER CAR, 4-DOOR",N,76054,1,PROOF OF LIABILITY INSURANCE,RIGHT SIDE DAMAGE ANGULAR IMPACT,DAMAGED 6,3,NA,NA,NA,N,EULESS B&B WRECKER,"1201 W EULESS BLVD., EULESS, TX 76040",FAILED TO YIELD ROW - TURNING LEFT,NA,DRIVER INATTENTION,WEST,Y,0,0,0,1,0,0,0
14840503,2,MOTOR VEHICLE,N,N,TX,1G1JC5SH3D4233163,NA,BLU,CHEVROLET,SONIC,"PASSENGER CAR, 4-DOOR",N,75061,1,PROOF OF LIABILITY INSURANCE,FRONT END DAMAGE DISTRIBUTED IMPACT,DAMAGED 5,12,NA,NA,NA,N,EULESS B&B WRECKER,"1201 W EULESS BLVD., EULESS, TX 76040",NONE,NA,NA,EAST,Y,0,2,0,0,0,2,0