CRASH_ID,UNIT_NBR,UNIT_DESC_ID,VEH_PARKED_FL,VEH_HNR_FL,VEH_LIC_STATE_ID,VIN,VEH_MOD_YEAR,VEH_COLOR_ID,VEH_MAKE_ID,VEH_MOD_ID,VEH_BODY_STYL_ID,EMER_RESPNDR_FL,OWNR_ZIP,FIN_RESP_PROOF_ID,FIN_RESP_TYPE_ID,VEH_DMAG_AREA_1_ID,VEH_DMAG_SCL_1_ID,FORCE_DIR_1_ID,VEH_DMAG_AREA_2_ID,VEH_DMAG_SCL_2_ID,FORCE_DIR_2_ID,VEH_INVENTORIED_FL,VEH_TRANSP_NAME,VEH_TRANSP_DEST,CONTRIB_FACTR_1_ID,CONTRIB_FACTR_2_ID,CONTRIB_FACTR_P1_ID,VEH_TRVL_DIR_ID,FIRST_HARM_EVT_INV_ID,INCAP_INJRY_CNT,NONINCAP_INJRY_CNT,POSS_INJRY_CNT,NON_INJRY_CNT,UNKN_INJRY_CNT,TOT_INJRY_CNT,DEATH_CNT
14844780,1,MOTOR VEHICLE,N,N,TX,WAUAC48H56K009865,2006,GLD,AUDI,A4,"PASSENGER CAR, 4-DOOR",N,75243,1,PROOF OF LIABILITY INSURANCE,BACK END (RIGHT) DAMAGE PARTIAL CONTACT,DAMAGED 1 MINIMUM,6,NA,NA,NA,N,,,BACKED WITHOUT SAFETY,NA,NA,WEST,Y,0,0,0,1,0,0,0
14844780,2,MOTOR VEHICLE,N,N,TX,1HTMMAAL9EH758824,NA,WHI,INTERNATIONAL,NA,TRUCK,N,75247,1,PROOF OF LIABILITY INSURANCE,FRONT END (LEFT) DAMAGE PARTIAL CONTACT,DAMAGED 1 MINIMUM,12,NA,NA,NA,N,,,NONE,NA,NA,EAST,Y,0,0,0,1,0,0,0
14844798,1,MOTOR VEHICLE,N,N,TX,JN8DR09X52W666735,2002,MAR,NISSAN,PATHFINDER,SPORT UTILITY VEHICLE,N,77024,1,PROOF OF LIABILITY INSURANCE,FRONT END (RIGHT)  DAMAGE PARTIAL CONTACT,DAMAGED 5,12,NA,NA,NA,N,NOT TOWED,DRIVEN AWAY BY DRIVER,FAILED TO CONTROL SPEED,NA,NA,WEST,Y,0,0,0,1,0,0,0
14844798,2,MOTOR VEHICLE,N,N,TX,1J8GK38K33W600599,2003,BLK,JEEP,LIBERTY,SPORT UTILITY VEHICLE,N,77024,1,PROOF OF LIABILITY INSURANCE,BACK END DAMAGE DISTRIBUTED IMPACT,DAMAGED 1 MINIMUM,6,NA,NA,NA,N,NOT TOWED,DRIVEN AWAY BY DRIVER,NONE,NA,NA,WEST,Y,0,0,0,1,0,0,0
14844814,1,MOTOR VEHICLE,N,N,TX,1HGCG56712A170327,2002,SIL,HONDA,ACCORD,"PASSENGER CAR, 4-DOOR",N,75077,1,PROOF OF LIABILITY INSURANCE,RIGHT BACK QUARTER DAMAGE ANGULAR IMPACT,DAMAGED 2,2,UNDERCARRIAGE DAMAGE ONLY,NO DAMAGE,9,N,BRAD'S TOWING,"1630 RIVERVIEW DRIVE, LEWISVILLE, TEXAS",FAILED TO YIELD ROW - TURNING LEFT,NA,NA,EAST,Y,0,0,0,1,0,0,0
14844814,2,MOTOR VEHICLE,N,N,TX,5NPDH4AE4EH507263,NA,GRY,HYUNDAI,ELANTRA,"PASSENGER CAR, 4-DOOR",N,75067,1,PROOF OF LIABILITY INSURANCE,FRONT END (RIGHT)  DAMAGE PARTIAL CONTACT,DAMAGED 2,10,NA,NA,NA,N,BRAD'S TOWING,HUFFINES COLLISION CENTER OF LEWISVILLE,NONE,NA,NA,WEST,Y,0,0,0,1,0,0,0
14844820,1,MOTOR VEHICLE,N,N,TX,3C6JR6AG7EG324341,NA,SIL,DODGE,RAM 1500,PICKUP,N,75645,1,PROOF OF LIABILITY INSURANCE,NA,NA,NA,NA,NA,NA,N,DRIVEN AWAY,ORIGINAL DESTINATION,NONE,NA,NA,NORTH,Y,0,0,0,2,0,0,0
14844820,2,TOWED/TRAILER,,,NA,,NA,NA,NA,NA,NA,,75645,NA,NA,NA,NA,NA,NA,NA,NA,,,,NONE,NA,NA,NOT APPLICABLE,N,0,0,0,0,0,0,0
14844820,3,MOTOR VEHICLE,N,N,TX,3FA6P0G76DR107896,NA,SIL,FORD,FUSION,"PASSENGER CAR, 4-DOOR",N,75566,1,PROOF OF LIABILITY INSURANCE,LEFT FRONT QUARTER DAMAGE ANGULAR IMPACT,DAMAGED 2,11,NA,NA,NA,Y,CARROLL'S WRECKER SVC,"1104 E. MAIN, ATLANTA, TX 75551",FAILED TO GIVE HALF OF ROADWAY,NA,HAD BEEN DRINKING,SOUTH,Y,0,0,0,1,0,0,0
14844822,1,MOTOR VEHICLE,N,N,TX,1HGCG567X2A124379,2002,SIL,HONDA,ACCORD,"PASSENGER CAR, 4-DOOR",N,75013,1,PROOF OF LIABILITY INSURANCE,FRONT END DAMAGE DISTRIBUTED IMPACT,DAMAGED 7 HIGHEST,12,NA,NA,NA,Y,JORDAN'S TOWING,"601 DIGITAL DR PLANO, TX 75075",UNDER INFLUENCE - ALCOHOL,NA,NA,SOUTHWEST,Y,0,0,0,1,0,0,0
14844837,1,MOTOR VEHICLE,N,N,MO,1XP7D49X89D775287,NA,GRN,PETERBILT,NA,TRUCK TRACTOR,N,63021,1,LIABILITY INSURANCE POLICY,LEFT SIDE DAMAGE ANGULAR IMPACT,NO DAMAGE,10,NA,NA,NA,N,CAMPBELLS,CAMPBELLS,NONE,NA,NA,WEST,Y,0,0,0,1,0,0,0
14844837,1,MOTOR VEHICLE,N,N,MO,1XP7D49X89D775287,NA,GRN,PETERBILT,NA,TRUCK TRACTOR,N,63021,1,LIABILITY INSURANCE POLICY,LEFT SIDE DAMAGE ANGULAR IMPACT,NO DAMAGE,10,NA,NA,NA,N,CAMPBELLS,CAMPBELLS,NONE,NA,NA,WEST,Y,0,0,0,1,0,0,0
14844837,2,TOWED/TRAILER,,,NA,,NA,NA,NA,NA,NA,,63021,NA,NA,NA,NA,NA,NA,NA,NA,,,,NONE,NA,NA,NOT APPLICABLE,N,0,0,0,0,0,0,0
14844837,3,MOTOR VEHICLE,N,N,TX,1G6DN57P590159003,NA,WHI,CADILLAC,CTS-V,"PASSENGER CAR, 4-DOOR",N,75762,1,LIABILITY INSURANCE POLICY,FRONT END DAMAGE DISTRIBUTED IMPACT,DAMAGED 4,12,NA,NA,NA,N,CAMPBELLS,CAMPBELLS,OTHER (EXPLAIN IN NARRATIVE),NA,FAULTY EVASIVE ACTION,EAST,Y,0,1,0,0,0,1,0
14844838,1,MOTOR VEHICLE,N,N,TX,1HGCR3F80DA032286,NA,WHI,HONDA,ACCORD,"PASSENGER CAR, 4-DOOR",N,75701,1,PROOF OF LIABILITY INSURANCE,FRONT END DAMAGE DISTRIBUTED IMPACT,DAMAGED 3,12,NA,NA,NA,N,CAMPBELL'S TOWING,DAVIS & GREEN BODY SHOP,NONE,NA,NA,NORTH,Y,0,0,1,0,0,1,0
14844838,2,MOTOR VEHICLE,N,N,TX,1GBEC16R3XJ434169,1999,BLK,CHEVROLET,C1500 SUBURBAN,SPORT UTILITY VEHICLE,N,75771,1,PROOF OF LIABILITY INSURANCE,LEFT SIDE DAMAGE ANGULAR IMPACT,DAMAGED 3,9,NA,NA,NA,N,,,FAILED TO YIELD ROW - TURNING LEFT,NA,NA,SOUTHWEST,Y,0,0,0,1,0,0,0
14844840,1,MOTOR VEHICLE,N,N,TX,1G2ZH58N674219470,2007,WHI,PONTIAC,G6,"PASSENGER CAR, 4-DOOR",N,75778,1,PROOF OF LIABILITY INSURANCE,DISTRIBUTED LEFT SIDE DAMAGE PARALLEL IMPACT,DAMAGED 2,9,NA,NA,NA,N,,,CHANGED LANE WHEN UNSAFE,NA,NA,SOUTH,Y,0,0,0,1,0,0,0
14844840,2,MOTOR VEHICLE,N,N,TX,1FMZU63K13ZB20316,2003,RED,FORD,EXPLORER,SPORT UTILITY VEHICLE,N,75704,1,PROOF OF LIABILITY INSURANCE,DISTRIBUTED RIGHT SIDE DAMAGE PARALLEL IMPACT,DAMAGED 1 MINIMUM,3,NA,NA,NA,N,,,NONE,NA,NA,SOUTH,Y,0,0,0,1,0,0,0
14844970,1,MOTOR VEHICLE,N,N,TX,2G1FE1E34D9138164,NA,BGE,CHEVROLET,CAMARO,"PASSENGER CAR, 2-DOOR",N,77093,1,PROOF OF LIABILITY INSURANCE,FRONT END DAMAGE DISTRIBUTED IMPACT,DAMAGED 1 MINIMUM,12,NA,NA,NA,N,,DRIVEN AWAY,FAILED TO CONTROL SPEED,NA,DRIVER INATTENTION,SOUTH,Y,0,0,0,1,0,0,0
14844970,2,MOTOR VEHICLE,N,N,TX,1N4AL21E68N494113,NA,BLU,NISSAN,ALTIMA,"PASSENGER CAR, 4-DOOR",N,77028,1,PROOF OF LIABILITY INSURANCE,BACK END DAMAGE DISTRIBUTED IMPACT,DAMAGED 2,6,NA,NA,NA,N,,DRIVEN AWAY,NONE,NA,NA,SOUTH,Y,0,0,1,0,0,1,0
14844984,1,MOTOR VEHICLE,N,N,TX,1FADP3F21EL133062,NA,BLK,FORD,FOCUS,"PASSENGER CAR, 4-DOOR",N,78214,1,PROOF OF LIABILITY INSURANCE,FRONT END (RIGHT)  DAMAGE PARTIAL CONTACT,DAMAGED 3,12,NA,NA,NA,N,,,DRIVER INATTENTION,FOLLOWED TOO CLOSELY,NA,NORTHWEST,Y,0,0,0,1,0,0,0
14844984,2,MOTOR VEHICLE,N,N,TX,,NA,RED,FORD,F250,PICKUP,N,,2,NA,UNKNOWN,NO DAMAGE,6,NA,NA,NA,N,,,NONE,NA,NA,NORTHWEST,Y,0,0,0,0,1,0,0
14844998,1,MOTOR VEHICLE,N,N,TX,1FUJAHCG32PG29055,2002,BLU,FREIGHTLINER,UNKNOWN,TRUCK TRACTOR,N,77536,1,PROOF OF LIABILITY INSURANCE,FRONT END DAMAGE DISTRIBUTED IMPACT,DAMAGED 1 MINIMUM,12,NA,NA,NA,N,,DRIVEN BY DRIVER,FAILED TO CONTROL SPEED,NA,NA,WEST,Y,0,0,0,1,0,0,0
14844998,1,MOTOR VEHICLE,N,N,TX,1FUJAHCG32PG29055,2002,BLU,FREIGHTLINER,UNKNOWN,TRUCK TRACTOR,N,77536,1,PROOF OF LIABILITY INSURANCE,FRONT END DAMAGE DISTRIBUTED IMPACT,DAMAGED 1 MINIMUM,12,NA,NA,NA,N,,DRIVEN BY DRIVER,FAILED TO CONTROL SPEED,NA,NA,WEST,Y,0,0,0,1,0,0,0
14844998,2,TOWED/TRAILER,,,NA,,NA,NA,NA,NA,NA,,90660,NA,NA,NA,NA,NA,NA,NA,NA,,,,NONE,NA,NA,NOT APPLICABLE,N,0,0,0,0,0,0,0
14844998,3,MOTOR VEHICLE,N,N,TX,1C3CCBAB9EN209154,NA,WHI,CHRYSLER,200,"PASSENGER CAR, 4-DOOR",N,77083,1,PROOF OF LIABILITY INSURANCE,BACK END DAMAGE DISTRIBUTED IMPACT,DAMAGED 2,6,NA,NA,NA,N,,DRIVEN BY DRIVER,NONE,NA,NA,WEST,Y,0,0,0,1,0,0,0
14845008,1,MOTOR VEHICLE,N,N,TX,JA3AJ26E17U014393,2007,MAR,MITSUBISHI,LANCER,"PASSENGER CAR, 4-DOOR",N,78073,1,LIABILITY INSURANCE POLICY,FRONT END DAMAGE CONCENTRATED IMPACT,DAMAGED 4,12,NA,NA,NA,Y,HORNS WRECKER 830-570-7594,"8530 N SH 16 POTEET, TEXAS 78065",UNSAFE SPEED,NA,NA,EAST,Y,0,0,0,1,0,0,0
14845037,1,MOTOR VEHICLE,N,N,TX,5TFBW54159X086465,NA,GLD,TOYOTA,TUNDRA,PICKUP,N,78212,1,PROOF OF LIABILITY INSURANCE,LEFT SIDE DAMAGE ANGULAR IMPACT,DAMAGED 2,10,NA,NA,NA,N,TEXAS TOWING,GROWDON,OTHER (EXPLAIN IN NARRATIVE),NA,HAD BEEN DRINKING,WEST,Y,0,0,0,1,0,0,0
14845037,2,MOTOR VEHICLE,Y,N,TX,KNDMG4C71B6377854,NA,BLK,KIA,SEDONA,VAN,N,78217,1,PROOF OF LIABILITY INSURANCE,LEFT BACK QUARTER DAMAGE ANGULAR IMPACT,DAMAGED 2,10,NA,NA,NA,N,,,NONE,NA,NA,SOUTHEAST,Y,0,0,0,0,0,0,0
14845052,1,MOTOR VEHICLE,N,N,TX,1G1ZT51836F289129,2006,WHI,CHEVROLET,MALIBU,"PASSENGER CAR, 4-DOOR",N,79106,1,PROOF OF LIABILITY INSURANCE,FRONT END DAMAGE DISTRIBUTED IMPACT,DAMAGED 3,12,NA,NA,NA,N,COMPETITION TOWING,"4701 E AMARILLO BLVD AMARILLO, TX 79107",FAILED TO YIELD ROW - STOP SIGN,NA,NA,SOUTH,Y,0,0,0,1,0,0,0
14845052,2,MOTOR VEHICLE,N,N,TX,1GTDT13W81K239316,2001,RED,GMC,K1500,PICKUP,N,79108,1,PROOF OF LIABILITY INSURANCE,RIGHT SIDE DAMAGE ANGULAR IMPACT,DAMAGED 3,3,NA,NA,NA,N,,,NONE,NA,NA,WEST,Y,0,0,0,1,0,0,0
14845066,1,MOTOR VEHICLE,N,N,TX,KNAFE161375003311,2007,RED,KIA,NEW SPECTRA,"PASSENGER CAR, 4-DOOR",N,77551,1,LIABILITY INSURANCE POLICY,FRONT END (LEFT) DAMAGE PARTIAL CONTACT,DAMAGED 6,11,NA,NA,NA,N,DRIVER,RESIDENCE,FAILED TO YIELD ROW - TURNING LEFT,NA,FAILED TO YIELD ROW - TURNING LEFT,EAST,Y,0,0,0,1,0,0,0
14845066,2,MOTOR VEHICLE,N,N,TX,JTDBR32E042041988,2004,WHI,TOYOTA,COROLLA,"PASSENGER CAR, 4-DOOR",N,77560,1,LIABILITY INSURANCE POLICY,LEFT FRONT QUARTER DAMAGE ANGULAR IMPACT,DAMAGED 7 HIGHEST,10,NA,NA,NA,N,MCH WRECKER SERVICE,MCH WRECKER SERVICE,NONE,NA,NA,WEST,Y,0,0,0,1,0,0,0
14845104,1,MOTOR VEHICLE,N,N,TX,1FAFP53U47A190249,2007,MUL,FORD,TAURUS,"PASSENGER CAR, 4-DOOR",N,78065,1,PROOF OF LIABILITY INSURANCE,LEFT SIDE DAMAGE ANGULAR IMPACT,DAMAGED 3,11,NA,NA,NA,Y,TEX-HORNS,"8530 SH 16, POTEET, TX. 78065",FATIGUED OR ASLEEP,NA,NA,NORTH,Y,1,0,0,0,0,1,0
14845104,2,MOTOR VEHICLE,N,N,TX,1GCEK19T4YE132485,2000,BGE,CHEVROLET,SILVERADO C1500,PICKUP,N,78065,1,PROOF OF LIABILITY INSURANCE,FRONT END (LEFT) DAMAGE PARTIAL CONTACT,DAMAGED 3,11,NA,NA,NA,Y,TEX-HORN,"8530 SH 16 ,POTEET, TX. 78065",NONE,NA,NA,SOUTH,Y,1,0,0,0,0,1,0
14845137,1,MOTOR VEHICLE,N,N,TX,1B4GP55G2WB625278,1998,WHI,DODGE,CARAVAN,VAN,N,77328,1,PROOF OF LIABILITY INSURANCE,LEFT SIDE AND TOP DAMAGE ROLLOVER EFFECTS,DAMAGED 5,9,NA,NA,NA,N,,,UNSAFE SPEED,NA,NA,EAST,Y,0,0,0,1,0,0,0
14845142,1,MOTOR VEHICLE,N,N,TX,3GCPKSE30BG137557,NA,SIL,CHEVROLET,SILVERADO,PICKUP,N,75455,1,PROOF OF LIABILITY INSURANCE,FRONT END (LEFT) DAMAGE PARTIAL CONTACT,DAMAGED 4,9,FRONT END DAMAGE DISTRIBUTED IMPACT,DAMAGED 4,9,N,BILLY CRAIG'S WRECKER,"214 W 1ST MT. PLEASANT, TX",FAILED TO YIELD ROW - STOP SIGN,IMPAIRED VISIBILITY (EXPLAIN IN NARRATIVE),NA,NORTH,Y,0,0,0,1,0,0,0
14845142,2,MOTOR VEHICLE,N,N,TX,JTDKDTB35E1067152,NA,GRY,TOYOTA,NA,"PASSENGER CAR, 4-DOOR",N,75494,1,PROOF OF LIABILITY INSURANCE,FRONT END DAMAGE CONCENTRATED IMPACT,DAMAGED 4,3,RIGHT FRONT QUARTER DAMAGE ANGULAR IMPACT,DAMAGED 4,3,N,DICKIE MORROW'S WRECKER SERVICE,"610 E 16TH MT. PLEASANT, TX 75455",NONE,NA,NA,EAST,Y,0,1,0,0,0,1,0
14845150,1,MOTOR VEHICLE,N,N,TX,3FAHP06Z37R232970,2007,GLD,FORD,FUSION,"PASSENGER CAR, 4-DOOR",N,78660,2,NA,FRONT END DAMAGE DISTRIBUTED IMPACT,DAMAGED 1 MINIMUM,12,NA,NA,NA,N,DENVERS TOWING: 512-990-2114,"2000 FERGUSON LN, AUSTIN 78754",UNSAFE SPEED,NA,NA,EAST,Y,0,0,0,1,0,0,0
14845202,1,MOTOR VEHICLE,N,N,TX,1G6DC67A770196445,2007,GRY,CADILLAC,STS-V,"PASSENGER CAR, 4-DOOR",N,77469,1,PROOF OF LIABILITY INSURANCE,LEFT BACK QUARTER DAMAGE ANGULAR IMPACT,DAMAGED 2,9,NA,NA,NA,N,DRIVER,DROVE OFF,FAILED TO YIELD ROW - STOP SIGN,NA,NA,SOUTH,Y,0,0,0,1,0,0,0
14845202,2,MOTOR VEHICLE,N,N,TX,4T1BE30K944303561,2004,RED,TOYOTA,CAMRY,"PASSENGER CAR, 4-DOOR",N,77471,1,PROOF OF LIABILITY INSURANCE,FRONT END (LEFT) DAMAGE PARTIAL CONTACT,DAMAGED 3,11,NA,NA,NA,N,INTEGRITY,1055 COTTONWOOD CHURCH RD.,NONE,NA,NA,WEST,Y,0,0,0,1,0,0,0
14845208,1,MOTOR VEHICLE,N,N,TX,WDBSK75F64F068703,2004,BLK,MERCEDES-BENZ,SL65AMG,"PASSENGER CAR, 2-DOOR",N,77573,1,PROOF OF LIABILITY INSURANCE,FRONT END (RIGHT)  DAMAGE PARTIAL CONTACT,DAMAGED 3,3,NA,NA,NA,N,DRIVER,DRIVEN AWAY,DISREGARD STOP AND GO SIGNAL,DRIVER INATTENTION,NA,WEST,Y,0,0,0,1,0,0,0
14845208,2,MOTOR VEHICLE,N,N,AZ,1GDGG31C481910742,NA,ONG,GMC,UNKNOWN,TRUCK,N,85036,1,PROOF OF LIABILITY INSURANCE,LEFT FRONT QUARTER DAMAGE ANGULAR IMPACT,DAMAGED 2,9,NA,NA,NA,N,DRIVER,DRIVEN AWAY,NONE,NA,NA,SOUTH,Y,0,0,0,3,0,0,0
14845218,1,MOTOR VEHICLE,N,N,TX,1G11B5SL7EF158741,NA,WHI,CHEVROLET,MALIBU,"PASSENGER CAR, 4-DOOR",N,77568,1,PROOF OF LIABILITY INSURANCE,FRONT END DAMAGE DISTRIBUTED IMPACT,DAMAGED 3,12,NA,NA,NA,N,DRIVER,PARKED IN PRIVATE LOT,FAILED TO CONTROL SPEED,DRIVER INATTENTION,NA,WEST,Y,0,0,0,1,0,0,0
14845218,2,MOTOR VEHICLE,N,N,TX,JM1BL1UF2B1394764,NA,BLU,MAZDA,NA,"PASSENGER CAR, 4-DOOR",N,76148,1,PROOF OF LIABILITY INSURANCE,BACK END DAMAGE DISTRIBUTED IMPACT,DAMAGED 2,6,NA,NA,NA,N,DRIVER,DRIVEN AWAY,NONE,NA,NA,WEST,Y,0,0,0,2,0,0,0
14845224,1,MOTOR VEHICLE,N,N,TX,2C3LA33V49H544002,NA,RED,CHRYSLER,300,"PASSENGER CAR, 4-DOOR",N,77590,1,LIABILITY INSURANCE POLICY,BACK END DAMAGE CONCENTRATED IMPACT,DAMAGED 1 MINIMUM,6,NA,NA,NA,N,"PEREZ,EMILIA",RESIDENCE,BACKED WITHOUT SAFETY,NA,BACKED WITHOUT SAFETY,UNKNOWN,Y,0,0,0,1,0,0,0
14845224,2,MOTOR VEHICLE,Y,N,TX,2G4WC552661254359,2006,GRN,BUICK,LACROSSE,"PASSENGER CAR, 4-DOOR",N,77590,1,LIABILITY INSURANCE POLICY,FRONT END (LEFT) DAMAGE PARTIAL CONTACT,DAMAGED 1 MINIMUM,11,NA,NA,NA,N,"DELAPAZ, ROBERTO",HOME,NONE,NA,NA,UNKNOWN,Y,0,0,0,0,0,0,0
14845225,1,MOTOR VEHICLE,N,N,TX,1FAFP53U85A214663,2005,WHI,FORD,TAURUS,"PASSENGER CAR, 4-DOOR",N,78521,1,LIABILITY INSURANCE POLICY,FRONT END DAMAGE DISTRIBUTED IMPACT,DAMAGED 3,12,FRONT END (LEFT) DAMAGE PARTIAL CONTACT,DAMAGED 2,11,Y,VEHICLE LEFT AT LOCATION,DRIVER FLED THE SCENE,FAILED TO CONTROL SPEED,NA,NA,NORTHEAST,Y,0,0,0,1,0,0,0
14845225,2,MOTOR VEHICLE,Y,N,TX,1FUPCSZB4YLF06894,2000,GRY,FREIGHTLINER,UNKNOWN,TRUCK TRACTOR,N,78521,2,NA,RIGHT FRONT QUARTER DAMAGE ANGULAR IMPACT,DAMAGED 3,2,NA,NA,NA,N,PARKED VEHICLE,PROPERTY,NONE,NA,NA,SOUTHEAST,N,0,0,0,0,0,0,0
14845235,1,MOTOR VEHICLE,N,N,TX,2GCEC13J771689072,2007,BLU,CHEVROLET,SILVERADO C1500,PICKUP,N,75702,1,PROOF OF LIABILITY INSURANCE,FRONT END (LEFT) DAMAGE PARTIAL CONTACT,DAMAGED 3,12,NA,NA,NA,N,CAMPBELLS,CAMPBELLS LOT,NONE,NA,NA,NORTH,Y,0,0,1,0,0,1,0
14845235,2,MOTOR VEHICLE,N,N,MS,2G2WP552471150077,2007,MUL,PONTIAC,GRAND PRIX,"PASSENGER CAR, 4-DOOR",N,75701,1,PROOF OF LIABILITY INSURANCE,LEFT SIDE DAMAGE ANGULAR IMPACT,DAMAGED 5,9,NA,NA,NA,N,CAMPBELLS,CAMPBELLS LOT,FAILED TO YIELD ROW - STOP SIGN,NA,NA,WEST,Y,0,0,1,0,0,1,0
14845257,1,MOTOR VEHICLE,N,N,TX,1FTZR15V6YPA86134,2000,WHI,FORD,RANGER,PICKUP,N,79118,1,PROOF OF LIABILITY INSURANCE,LEFT SIDE AND TOP DAMAGE ROLLOVER EFFECTS,DAMAGED 2,9,NA,NA,NA,N,DRIVEN AWAY,BY DRIVER,UNSAFE SPEED,NA,NA,SOUTHEAST,Y,0,0,0,1,0,0,0
14845265,1,MOTOR VEHICLE,N,N,TX,5XXGR4A62FG366029,NA,SIL,KIA,OPTIMA,"PASSENGER CAR, 4-DOOR",N,78582,1,LIABILITY INSURANCE POLICY,FRONT END DAMAGE DISTRIBUTED IMPACT,DAMAGED 1 MINIMUM,12,NA,NA,NA,N,RELEASED TO DRIVER,RELEASED TO DRIVER,UNSAFE SPEED,NA,NA,SOUTH,Y,0,0,0,1,0,0,0
14845269,1,MOTOR VEHICLE,N,N,TX,4M2ZU66K73UJ11644,2003,GRY,MERCURY,MOUNTAINEER,SPORT UTILITY VEHICLE,N,75904,1,PROOF OF LIABILITY INSURANCE,FRONT END DAMAGE DISTRIBUTED IMPACT,DAMAGED 2,12,NA,NA,NA,N,,,FAILED TO CONTROL SPEED,NA,NA,SOUTH,Y,0,0,0,1,0,0,0
14845269,2,MOTOR VEHICLE,N,N,TX,2T3DK4DV9AW031026,NA,RED,TOYOTA,RAV4,SPORT UTILITY VEHICLE,N,75766,1,PROOF OF LIABILITY INSURANCE,BACK END DAMAGE CONCENTRATED IMPACT,DAMAGED 1 MINIMUM,6,NA,NA,NA,N,,,NONE,NA,NA,SOUTH,Y,0,0,0,1,0,0,0
14845274,1,MOTOR VEHICLE,N,N,TX,1B3CB3HA3BD147951,NA,WHI,DODGE,CALIBER,"PASSENGER CAR, 4-DOOR",N,75949,1,PROOF OF LIABILITY INSURANCE,BACK END DAMAGE DISTRIBUTED IMPACT,DAMAGED 2,6,NA,NA,NA,N,,,NONE,NA,NA,SOUTH,Y,0,0,0,1,0,0,0
14845274,2,MOTOR VEHICLE,N,N,TX,1FTEW1CG5FKD46593,NA,GRY,FORD,F150,PICKUP,N,75901,1,PROOF OF LIABILITY INSURANCE,FRONT END DAMAGE DISTRIBUTED IMPACT,DAMAGED 1 MINIMUM,12,BACK END (LEFT) DAMAGE PARTIAL CONTACT,DAMAGED 1 MINIMUM,6,N,,,FAILED TO CONTROL SPEED,NA,NA,SOUTH,Y,0,0,0,1,0,0,0
14845274,3,MOTOR VEHICLE,N,Y,UN,,NA,99,NA,NA,UNKNOWN,N,,NA,NA,NA,NA,NA,NA,NA,NA,N,,,NONE,NA,NA,SOUTH,N,0,0,0,0,1,0,0
14845277,1,MOTOR VEHICLE,N,N,TX,3GCEC13JX7G523359,2007,WHI,CHEVROLET,SILVERADO,PICKUP,N,75662,1,PROOF OF LIABILITY INSURANCE,FRONT END (LEFT) DAMAGE PARTIAL CONTACT,DAMAGED 2,11,NA,NA,NA,N,,,DISREGARD STOP AND GO SIGNAL,NA,NA,SOUTH,Y,0,0,0,1,0,0,0
14845277,2,MOTOR VEHICLE,N,N,TX,1GTEC14W8XZ523113,1999,BLU,GMC,NA,PICKUP,N,75904,1,PROOF OF LIABILITY INSURANCE,BACK END (LEFT) DAMAGE PARTIAL CONTACT,DAMAGED 2,7,NA,NA,NA,N,,,NONE,NA,NA,EAST,Y,0,0,0,1,0,0,0
14845290,1,MOTOR VEHICLE,N,N,TX,1HGCP367X8A078145,NA,BLU,HONDA,ACCORD,"PASSENGER CAR, 4-DOOR",N,79924,1,PROOF OF LIABILITY INSURANCE,FRONT END DAMAGE DISTRIBUTED IMPACT,DAMAGED 5,12,RIGHT BACK QUARTER DAMAGE ANGULAR IMPACT,DAMAGED 1 MINIMUM,5,N,A & A REPAIR 432-283-9048,"806 E BROADWAY, VAN HORN, TX 79855",UNSAFE SPEED,NA,NA,EAST,Y,0,0,0,1,0,0,0
14845312,1,MOTOR VEHICLE,N,N,TX,2G1WB55K269275145,2006,SIL,CHEVROLET,IMPALA,"PASSENGER CAR, 4-DOOR",N,75501,1,PROOF OF LIABILITY INSURANCE,RIGHT FRONT QUARTER DAMAGE ANGULAR IMPACT,DAMAGED 1 MINIMUM,3,NA,NA,NA,N,DRIVEN AWAY BY DRIVER,,FAILED TO YIELD ROW - TURNING LEFT,NA,NA,WEST,Y,0,0,0,1,0,0,0
14845312,2,MOTOR VEHICLE,N,N,TX,1FAHP3FN3AW217744,NA,GRY,FORD,FOCUS,"PASSENGER CAR, 4-DOOR",N,75501,1,PROOF OF LIABILITY INSURANCE,LEFT FRONT QUARTER DAMAGE ANGULAR IMPACT,DAMAGED 2,9,NA,NA,NA,N,DRIVEN AWAY BY DRIVER,,NONE,NA,NA,SOUTH,Y,0,0,0,1,0,0,0
14845330,1,MOTOR VEHICLE,N,N,TX,1GNEC13T91J169672,2001,GRY,CHEVROLET,TAHOE,SPORT UTILITY VEHICLE,N,75061,2,NA,LEFT SIDE DAMAGE ANGULAR IMPACT,DAMAGED 1 MINIMUM,11,RIGHT SIDE DAMAGE ANGULAR IMPACT,DAMAGED 2,4,Y,PRO TOW WRECKER,IRVING AUTO POUND,FAULTY EVASIVE ACTION,NA,NA,NORTHWEST,Y,0,1,0,0,0,1,0